<?xml version="1.0" encoding="UTF-8"?>
<BlueprintPackage xmlns:xsi="http://www.w3.org/2001/XMLSchema-instance"
                  xsi:noNamespaceSchemaLocation="blueprint_schema.xsd">
  <BusinessCapabilityModel id="BCM1" name="Customer Management">
    <Capability name="Onboarding"/>
    <Capability name="ProfileMaintenance"/>
    <Capability name="CaseResolution"/>
  </BusinessCapabilityModel>
  <ProcessBlueprint id="PB1" name="Customer Onboarding">
    <Step order="1" name="Collect Application Data"/>
    <Step order="2" name="Validate Identity"/>
    <Step order="3" name="Credit Check"/>
    <Step order="4" name="Account Setup"/>
  </ProcessBlueprint>
  <DataBlueprint id="DB1" name="Customer Data Model">
    <Entity name="Customer">
      <Attribute name="CustomerID" type="GUID"/>
      <Attribute name="Name" type="String"/>
      <Attribute name="DateOfBirth" type="Date"/>
    </Entity>
    <Entity name="Account">
      <Attribute name="AccountID" type="GUID"/>
      <Attribute name="Type" type="String"/>
      <Attribute name="Balance" type="Decimal"/>
    </Entity>
  </DataBlueprint>
</BlueprintPackage>
