<?xml version="1.0" encoding="UTF-8"?>
<Process id="PegaDiscoveryProcess" pyName="DiscoveryProcess" xmlns="http://www.pega.com/pega">
  <Start pyLabel="Begin Discovery" pyType="Start">
    <Next step="Interview"/>
  </Start>
  <Assignment pyLabel="Stakeholder Interview" step="Interview">
    <Next step="DocumentAnalysis"/>
  </Assignment>
  <Assignment pyLabel="Analyze Existing Documentation" step="DocumentAnalysis">
    <Next step="DraftBlueprint"/>
  </Assignment>
  <Assignment pyLabel="Draft Process & Data Blueprint" step="DraftBlueprint">
    <Next step="ReviewApproval"/>
  </Assignment>
  <Assignment pyLabel="Review & Approval" step="ReviewApproval">
    <Next step="End"/>
  </Assignment>
  <End pyLabel="Discovery Complete" step="End"/>
</Process>
