<?xml version="1.0" encoding="UTF-8"?>
<Process id="PegaCaseMgmt" pyName="CustomerComplaintLifecycle" xmlns="http://www.pega.com/pega">
  <Start pyLabel="Complaint Received" pyType="Start"><Next step="Intake"/></Start>
  <Assignment pyLabel="Intake Complaint" step="Intake"><Next step="Investigate"/></Assignment>
  <Assignment pyLabel="Investigate Issue" step="Investigate"><Next step="GatewayResolution"/></Assignment>
  <Router pyLabel="Resolved?" step="GatewayResolution">
    <When value="true"><Next step="Resolve"/></When>
    <When value="false"><Next step="Escalate"/></When>
  </Router>
  <Assignment pyLabel="Resolve Complaint" step="Resolve"><Next step="EndResolved"/></Assignment>
  <End pyLabel="Resolved" step="EndResolved"/>
  <End pyLabel="Escalated" step="Escalate"/>
</Process>
